country,calorie_weighted_total_change_pct,calorie_weighted_climate_only_change_pct,calorie_weighted_irrigation_loss_pct,wheat_total_change_pct,wheat_climate_only_pct,wheat_irrigation_loss_pct,wheat_baseline_production_mt,wheat_collapsed_production_mt,rice_total_change_pct,rice_climate_only_pct,rice_irrigation_loss_pct,rice_baseline_production_mt,rice_collapsed_production_mt,maize_total_change_pct,maize_climate_only_pct,maize_irrigation_loss_pct,maize_baseline_production_mt,maize_collapsed_production_mt
Norway,-39.13,-39.13,0.0,-39.13,-39.13,0.0,0.22,0.13,,,,,,,,,,
Eritrea,-38.1,-38.1,0.0,-40.75,-40.75,0.0,0.04,0.02,,,,,,-32.98,-32.98,0.0,0.02,0.01
Sweden,-35.23,-35.23,0.0,-35.2,-35.2,0.0,1.87,1.21,,,,,,-71.21,-71.21,0.0,0.0,0.0
Finland,-34.04,-34.04,0.0,-34.04,-34.04,0.0,0.5,0.33,,,,,,,,,,
Mongolia,-29.35,-28.6,-0.75,-29.53,-28.78,-0.75,0.55,0.38,,,,,,1275.65,1282.63,-6.98,0.0,0.0
Switzerland,-26.64,-26.64,-0.0,-24.27,-24.27,0.0,0.52,0.39,-14.65,-14.65,0.0,0.0,0.0,-34.78,-34.76,-0.02,0.14,0.09
Kyrgyzstan,-22.67,-20.3,-2.37,-25.12,-23.63,-1.49,0.67,0.5,-33.05,-29.2,-3.85,0.02,0.01,-17.02,-12.86,-4.16,0.3,0.25
Estonia,-21.38,-21.38,0.0,-21.38,-21.38,0.0,0.49,0.39,,,,,,,,,,
Senegal,-21.34,-1.83,-19.51,,,,,,-22.92,0.28,-23.2,2.15,1.65,-13.63,-12.08,-1.55,0.35,0.3
Latvia,-19.97,-19.97,-0.0,-19.93,-19.93,-0.0,1.56,1.25,,,,,,-74.33,-74.33,0.0,0.0,0.0
Germany,-19.29,-19.26,-0.03,-15.4,-15.4,-0.0,16.03,13.56,,,,,,-35.73,-35.59,-0.14,3.56,2.29
Niger,-18.33,-16.39,-1.94,-17.57,8.1,-25.67,0.0,0.0,-21.39,-20.16,-1.24,0.07,0.06,-13.52,-12.81,-0.71,0.04,0.03
Moldova,-18.19,-18.19,0.0,-20.85,-20.85,0.0,1.19,0.94,-16.74,-16.74,0.0,0.0,0.0,-17.0,-17.0,0.0,2.5,2.07
United Arab Emirates,-18.12,-17.54,-0.59,-4.95,5.14,-10.08,0.0,0.0,,,,,,-18.94,-18.94,0.0,0.0,0.0
Dominican Rep.,-18.09,1.08,-19.17,,,,,,-18.04,3.22,-21.26,1.42,1.16,-18.38,-11.73,-6.66,0.19,0.15
Denmark,-16.77,-16.73,-0.03,-15.88,-15.85,-0.03,1.99,1.67,,,,,,-81.46,-81.46,0.0,0.03,0.0
Ukraine,-16.62,-16.33,-0.29,-14.58,-14.56,-0.02,22.45,19.18,-4.14,5.14,-9.27,0.05,0.04,-17.97,-17.51,-0.46,32.12,26.35
Czechia,-15.79,-15.79,-0.0,-16.36,-16.36,0.0,3.41,2.85,,,,,,-13.02,-13.02,-0.01,0.66,0.57
Armenia,-15.76,-14.79,-0.97,-15.81,-14.91,-0.9,0.4,0.34,-27.0,-26.67,-0.33,0.0,0.0,-14.01,-10.36,-3.65,0.01,0.01
Belgium,-15.31,-15.23,-0.09,-4.74,-4.74,-0.0,1.51,1.44,,,,,,-50.04,-49.68,-0.37,0.43,0.22
Austria,-14.59,-14.58,-0.01,-11.76,-11.76,-0.0,1.13,1.0,,,,,,-16.96,-16.95,-0.01,1.26,1.05
Lithuania,-14.59,-14.59,-0.0,-12.73,-12.73,-0.0,3.17,2.77,,,,,,-62.4,-62.4,-0.0,0.12,0.04
Poland,-12.91,-12.89,-0.02,-14.3,-14.3,0.0,8.18,7.01,-12.63,-12.63,0.0,0.0,0.0,-10.92,-10.87,-0.05,5.4,4.81
Iran,-12.69,-7.05,-5.65,-12.01,-6.35,-5.65,26.69,23.49,-18.95,-14.59,-4.36,3.5,2.83,-12.72,-2.84,-9.88,0.8,0.7
Canada,-12.39,-12.38,-0.0,-6.22,-6.22,-0.0,28.05,26.3,,,,,,-27.64,-27.64,0.0,10.63,7.69
Oman,-12.21,-0.34,-11.86,-6.79,6.58,-13.37,0.0,0.0,,,,,,-54.88,-54.88,0.0,0.0,0.0
Bosnia and Herz.,-12.14,-12.14,-0.0,-8.31,-8.31,0.0,0.35,0.32,,,,,,-13.28,-13.28,-0.0,1.1,0.96
North Korea,-11.67,-10.12,-1.55,-14.87,-13.82,-1.05,0.22,0.18,-4.01,1.36,-5.37,1.56,1.5,-14.63,-14.63,-0.0,2.96,2.52
Nicaragua,-11.6,-9.21,-2.39,,,,,,-13.07,-2.3,-10.77,0.39,0.34,-11.2,-11.12,-0.08,1.11,0.99
Ireland,-11.52,-11.52,0.0,-11.52,-11.52,0.0,0.46,0.41,,,,,,,,,,
Pakistan,-11.5,2.63,-14.12,-9.29,3.87,-13.16,32.23,29.24,-13.18,2.74,-15.92,26.12,22.67,-16.65,-3.78,-12.86,6.23,5.19
Belarus,-11.45,-11.45,-0.0,-5.17,-5.17,-0.0,2.29,2.17,,,,,,-21.44,-21.44,0.0,1.35,1.06
China,-11.12,-8.93,-2.19,-6.28,-2.19,-4.09,78.13,73.22,3.11,4.38,-1.26,140.67,145.05,-18.48,-16.43,-2.04,262.24,213.79
Russia,-10.83,-10.75,-0.08,-9.41,-9.41,-0.0,86.04,77.95,2.43,9.33,-6.9,1.16,1.19,-17.62,-17.54,-0.08,18.73,15.43
Venezuela,-10.62,-6.23,-4.39,1.71,1.71,0.0,0.0,0.0,-9.65,0.58,-10.23,1.43,1.29,-11.19,-10.27,-0.92,1.9,1.68
Kuwait,-10.03,1.64,-11.67,-5.04,12.54,-17.58,0.0,0.0,,,,,,-11.58,-1.75,-9.83,0.0,0.0
Slovakia,-9.68,-9.6,-0.08,-14.58,-14.57,-0.0,1.62,1.38,-10.7,-10.7,0.0,0.0,0.0,-3.07,-2.88,-0.19,1.12,1.09
Romania,-9.36,-9.19,-0.17,-12.51,-12.51,0.0,10.41,9.11,-2.25,-1.15,-1.1,0.02,0.02,-7.44,-7.16,-0.28,15.94,14.75
Netherlands,-9.13,-9.04,-0.09,-1.54,-1.54,0.0,0.58,0.57,,,,,,-38.46,-38.0,-0.46,0.14,0.09
Afghanistan,-9.1,-2.22,-6.87,-9.07,-2.29,-6.79,7.38,6.71,-2.65,4.3,-6.95,0.54,0.52,-13.29,-5.62,-7.67,0.69,0.6
India,-8.6,1.63,-10.23,-20.62,5.42,-26.04,79.25,62.91,-4.17,1.6,-5.77,233.47,223.73,-6.78,-4.6,-2.19,44.51,41.49
Honduras,-8.19,-6.6,-1.6,9.02,9.02,0.0,0.01,0.01,-10.19,-0.75,-9.44,0.18,0.16,-8.09,-7.1,-0.99,1.77,1.63
Hungary,-7.58,-7.56,-0.02,-10.8,-10.8,-0.0,4.64,4.13,-0.85,-0.85,0.0,0.01,0.01,-5.46,-5.43,-0.03,6.59,6.23
Iraq,-7.36,2.89,-10.25,-7.26,2.68,-9.94,5.99,5.56,-9.51,3.13,-12.64,0.39,0.36,-7.05,6.21,-13.26,0.32,0.3
Portugal,-7.28,-2.74,-4.54,6.93,6.97,-0.04,0.23,0.25,-20.63,-19.27,-1.36,0.26,0.21,-7.78,-0.8,-6.98,0.66,0.61
Bulgaria,-6.59,-6.36,-0.23,-8.24,-8.23,-0.0,6.06,5.56,5.3,8.4,-3.1,0.09,0.09,-4.52,-4.02,-0.5,4.12,3.94
Georgia,-6.46,-5.1,-1.36,-20.48,-19.4,-1.08,0.16,0.12,,,,,,-1.01,0.47,-1.48,0.38,0.37
Turkey,-6.12,-5.58,-0.54,-6.97,-6.57,-0.4,32.48,30.22,0.33,3.53,-3.19,0.18,0.18,4.57,6.86,-2.29,2.31,2.42
S. Sudan,-5.74,-5.73,-0.01,-22.52,-22.52,0.0,0.0,0.0,-1.17,-1.17,0.0,0.0,0.0,-5.74,-5.73,-0.01,0.22,0.21
Turkmenistan,-5.47,2.9,-8.37,-5.46,3.05,-8.52,4.39,4.15,-12.07,-10.7,-1.36,0.1,0.08,4.24,10.89,-6.64,0.05,0.05
Somaliland,-5.46,-5.46,0.0,-10.09,-10.09,0.0,0.0,0.0,,,,,,-4.92,-4.92,0.0,0.01,0.01
Sudan,-5.42,11.43,-16.85,-4.92,12.88,-17.8,0.86,0.81,-25.02,-25.02,0.0,0.0,0.0,-14.08,-14.08,0.0,0.04,0.04
Mauritania,-5.24,-1.01,-4.23,-10.09,-10.09,0.0,0.0,0.0,-2.66,1.25,-3.91,0.32,0.31,-26.14,-19.19,-6.95,0.03,0.02
United Kingdom,-5.12,-5.12,0.0,-5.12,-5.12,0.0,9.85,9.35,,,,,,,,,,
Haiti,-5.09,1.73,-6.82,,,,,,-9.77,3.08,-12.85,0.45,0.41,-1.65,0.75,-2.4,0.48,0.47
Uzbekistan,-5.05,1.58,-6.62,-5.54,0.82,-6.36,6.83,6.46,-2.73,4.48,-7.21,0.23,0.22,-0.35,8.97,-9.32,0.59,0.58
Croatia,-5.02,-5.02,-0.0,-5.74,-5.74,0.0,0.65,0.61,,,,,,-4.75,-4.74,-0.0,1.57,1.49
Kazakhstan,-5.01,-4.53,-0.49,-5.03,-4.94,-0.09,29.56,28.07,6.51,14.37,-7.86,0.08,0.08,-5.16,2.86,-8.02,1.39,1.31
Serbia,-5.01,-5.01,-0.0,-9.79,-9.79,0.0,2.94,2.65,4.92,4.92,0.0,0.0,0.0,-2.77,-2.77,-0.0,5.88,5.72
Tajikistan,-4.64,-2.17,-2.47,-4.98,-2.93,-2.06,0.95,0.9,5.86,12.05,-6.2,0.05,0.05,-6.38,0.03,-6.41,0.06,0.05
Liberia,-4.47,-4.47,0.0,,,,,,-4.54,-4.54,0.0,0.71,0.68,-2.39,-2.39,0.0,0.02,0.02
Mali,-4.33,-1.29,-3.04,-24.35,11.45,-35.8,0.02,0.01,-6.19,-1.55,-4.64,4.86,4.56,-0.97,-0.95,-0.02,2.23,2.21
Australia,-4.02,-3.98,-0.04,-4.05,-4.04,-0.01,41.64,39.95,-9.31,-6.01,-3.31,0.08,0.07,-0.28,1.77,-2.05,0.42,0.42
Slovenia,-3.49,-3.48,-0.0,-9.45,-9.45,0.0,0.19,0.17,,,,,,-1.15,-1.15,-0.0,0.46,0.45
Malawi,-3.48,-3.48,0.0,-2.33,-2.33,0.0,0.0,0.0,-0.11,-0.11,0.0,0.31,0.31,-3.7,-3.7,0.0,3.69,3.55
Jamaica,-3.1,-3.1,0.0,,,,,,,,,,,-3.1,-3.1,0.0,0.01,0.01
Cameroon,-2.31,-1.2,-1.11,-2.89,2.87,-5.76,0.0,0.0,-3.32,-0.46,-2.86,1.3,1.26,-1.83,-1.55,-0.28,2.17,2.13
Uruguay,-2.0,-1.88,-0.12,0.11,0.11,-0.0,1.04,1.04,-3.89,-3.77,-0.12,1.69,1.63,-1.55,-1.33,-0.22,1.05,1.03
France,-1.86,-1.62,-0.25,1.07,1.07,-0.0,34.07,34.43,-15.91,-15.91,0.0,0.04,0.03,-9.04,-8.19,-0.85,13.02,11.84
Myanmar,-1.82,-1.07,-0.75,5.59,5.6,-0.01,0.17,0.18,-2.34,-1.54,-0.8,22.44,21.91,3.17,3.38,-0.21,1.63,1.68
Eq. Guinea,-1.6,-1.6,0.0,,,,,,,,,,,-1.6,-1.6,0.0,0.01,0.01
Burkina Faso,-1.42,-1.09,-0.34,0.03,0.03,0.0,0.0,0.0,1.12,2.06,-0.93,0.79,0.8,-2.38,-2.26,-0.11,1.66,1.62
Palestine,-1.39,-1.39,0.0,10.43,10.43,0.0,0.0,0.0,,,,,,-1.74,-1.74,0.0,0.08,0.08
Togo,-1.18,-1.14,-0.04,,,,,,-3.73,-3.51,-0.22,0.37,0.36,-0.61,-0.61,0.0,1.31,1.3
Madagascar,-1.17,-1.17,-0.0,1.93,1.93,0.0,0.0,0.0,-1.27,-1.26,-0.0,12.07,11.91,0.94,0.94,0.0,0.43,0.43
North Macedonia,-1.07,-1.04,-0.03,-4.58,-4.58,-0.0,0.33,0.32,9.51,9.63,-0.12,0.01,0.01,5.26,5.33,-0.07,0.16,0.17
Uganda,-1.0,-0.95,-0.05,-0.41,-0.41,0.0,0.02,0.02,-0.18,0.16,-0.34,0.39,0.39,-1.15,-1.15,-0.0,1.7,1.68
Nepal,-0.97,3.87,-4.84,-14.09,4.29,-18.38,2.1,1.8,-0.84,1.14,-1.98,10.1,10.02,5.27,9.14,-3.87,3.95,4.16
Paraguay,-0.91,-0.89,-0.02,1.29,1.29,0.0,1.19,1.2,-0.14,-0.04,-0.1,1.8,1.8,-1.56,-1.56,-0.0,5.49,5.4
United States of America,-0.91,-0.9,-0.0,-3.7,-3.7,-0.0,56.83,54.73,3.13,3.13,-0.0,11.09,11.43,-0.57,-0.56,-0.0,334.67,332.77
Argentina,-0.82,-0.81,-0.01,-0.65,-0.64,-0.0,19.57,19.44,0.31,0.35,-0.04,2.44,2.44,-0.92,-0.91,-0.01,56.83,56.31
Ethiopia,-0.81,-0.63,-0.18,-0.37,-0.28,-0.09,4.3,4.29,-3.22,-3.1,-0.12,0.05,0.05,-1.51,-1.18,-0.34,2.38,2.34
Cambodia,-0.76,-0.61,-0.15,,,,,,-0.88,-0.73,-0.15,11.09,10.99,2.77,2.78,-0.01,0.3,0.31
El Salvador,-0.76,-0.68,-0.08,24.25,24.25,0.0,0.0,0.0,-1.57,-0.2,-1.37,0.03,0.02,-0.76,-0.71,-0.05,1.09,1.08
Ghana,-0.62,-0.57,-0.05,,,,,,-1.78,-1.6,-0.19,1.18,1.16,-0.13,-0.13,0.0,2.21,2.2
Chad,-0.49,1.05,-1.54,-36.22,16.81,-53.03,0.0,0.0,3.35,5.43,-2.08,0.74,0.76,-3.63,-2.74,-0.88,0.68,0.66
Lesotho,-0.49,-0.49,0.0,0.85,0.85,0.0,0.02,0.02,-4.17,-4.17,0.0,0.0,0.0,-0.91,-0.91,0.0,0.05,0.05
Suriname,-0.45,-0.45,0.0,,,,,,-0.45,-0.45,0.0,0.27,0.27,1.42,1.42,0.0,0.0,0.0
Burundi,-0.45,-0.45,0.0,1.83,1.83,0.0,0.02,0.02,-1.4,-1.4,0.0,0.44,0.43,0.17,0.17,0.0,0.47,0.47
Zimbabwe,-0.41,-0.41,-0.0,0.27,0.27,-0.0,0.14,0.14,0.05,0.05,0.0,0.0,0.0,-0.47,-0.47,-0.0,1.53,1.52
Mozambique,-0.33,-0.33,-0.0,0.04,0.04,0.0,0.02,0.02,-1.81,-1.8,-0.01,0.96,0.94,-0.04,-0.04,-0.0,3.84,3.84
eSwatini,-0.32,-0.32,0.0,1.84,1.84,0.0,0.0,0.0,-0.18,-0.18,0.0,0.0,0.0,-0.34,-0.34,0.0,0.26,0.26
Central African Rep.,-0.27,-0.26,-0.0,3.2,3.2,0.0,0.0,0.0,-1.46,-1.41,-0.05,0.03,0.03,-0.16,-0.16,0.0,0.23,0.23
Japan,-0.26,-0.1,-0.16,-6.21,-6.2,-0.01,0.89,0.84,0.99,1.19,-0.2,5.05,5.09,4.65,4.65,0.0,0.0,0.0
Chile,-0.2,0.24,-0.44,-1.52,-1.46,-0.06,1.32,1.3,4.34,5.04,-0.7,0.16,0.16,1.59,2.74,-1.15,0.61,0.62
Benin,-0.14,-0.05,-0.09,-2.47,-2.47,0.0,0.0,0.0,-0.32,0.11,-0.43,0.38,0.38,-0.09,-0.09,-0.0,1.17,1.17
Zambia,-0.13,-0.13,0.0,-1.07,-1.07,0.0,0.11,0.11,1.27,1.27,0.0,0.21,0.22,-0.18,-0.18,0.0,2.62,2.62
Papua New Guinea,-0.08,-0.08,0.0,,,,,,-1.35,-1.35,0.0,0.0,0.0,-0.02,-0.02,0.0,0.01,0.01
Côte d'Ivoire,0.18,0.25,-0.07,,,,,,-0.93,-0.81,-0.12,2.05,2.03,1.79,1.79,-0.0,1.11,1.13
Azerbaijan,0.27,2.4,-2.13,0.27,2.34,-2.07,3.28,3.29,2.66,9.11,-6.46,0.02,0.02,0.07,3.12,-3.05,0.14,0.14
Indonesia,0.28,0.29,-0.01,,,,,,-0.01,0.01,-0.01,28.96,28.95,0.93,0.93,-0.0,10.12,10.21
Somalia,0.33,1.15,-0.82,,,,,,-2.46,-0.17,-2.29,0.01,0.01,0.41,1.19,-0.77,0.18,0.18
Dem. Rep. Congo,0.45,0.45,-0.0,1.75,1.75,0.0,0.02,0.02,-1.0,-1.0,-0.01,4.17,4.13,1.21,1.21,-0.0,6.16,6.24
Tanzania,0.61,0.61,-0.0,3.8,3.8,0.0,0.1,0.11,2.66,2.67,-0.01,2.74,2.81,-0.01,-0.01,-0.0,7.66,7.66
Sri Lanka,0.62,1.23,-0.61,,,,,,0.7,1.34,-0.64,6.56,6.61,-0.64,-0.62,-0.02,0.32,0.32
Lebanon,0.7,0.7,0.0,0.78,0.78,0.0,0.17,0.17,,,,,,-1.57,-1.57,0.0,0.01,0.01
Philippines,0.8,0.88,-0.08,,,,,,-0.07,0.07,-0.14,11.77,11.76,2.17,2.17,-0.0,5.84,5.97
Belize,0.81,1.06,-0.26,17.62,17.62,0.0,0.0,0.0,-10.67,-8.95,-1.72,0.01,0.01,1.8,1.93,-0.13,0.1,0.1
Kenya,0.85,0.87,-0.01,1.04,1.04,0.0,0.39,0.39,-0.56,-0.47,-0.09,0.15,0.15,0.88,0.89,-0.01,3.58,3.61
Guyana,0.87,0.97,-0.1,,,,,,0.82,0.92,-0.1,0.81,0.82,2.24,2.24,0.0,0.02,0.02
Thailand,0.99,1.18,-0.19,5.53,5.53,0.0,0.0,0.0,0.88,1.09,-0.21,60.61,61.15,2.16,2.16,0.0,4.26,4.36
Yemen,1.03,3.65,-2.62,4.41,6.8,-2.39,0.13,0.14,,,,,,-1.85,0.96,-2.81,0.15,0.14
Laos,1.03,1.25,-0.22,4.03,4.03,0.0,0.0,0.0,0.86,1.1,-0.24,6.39,6.44,2.34,2.34,0.0,0.66,0.67
Peru,1.07,1.08,-0.0,3.33,3.33,0.0,0.36,0.38,-0.46,-0.46,-0.0,2.33,2.32,1.76,1.77,-0.0,2.96,3.01
Rwanda,1.09,1.09,-0.0,1.45,1.45,0.0,0.02,0.02,-3.43,-3.42,-0.01,0.12,0.11,1.82,1.82,0.0,0.56,0.57
Syria,1.14,2.94,-1.8,1.45,3.02,-1.57,6.08,6.16,-64.21,-63.76,-0.45,0.0,0.0,-3.58,1.69,-5.27,0.36,0.35
Sierra Leone,1.17,1.17,0.0,,,,,,1.17,1.17,0.0,0.44,0.44,1.35,1.35,0.0,0.01,0.01
Nigeria,1.26,1.65,-0.39,-9.1,10.06,-19.16,0.13,0.12,2.55,2.76,-0.21,10.21,10.47,0.34,0.65,-0.3,9.95,9.98
Angola,1.31,1.31,-0.0,1.99,1.99,0.0,0.01,0.01,-3.24,-3.24,0.0,0.07,0.07,1.37,1.37,-0.0,3.67,3.72
Bangladesh,1.35,2.26,-0.91,-3.64,6.66,-10.3,0.61,0.59,1.26,2.03,-0.77,55.07,55.76,3.94,5.09,-1.15,2.65,2.75
South Africa,1.37,1.37,-0.0,0.43,0.43,-0.0,1.74,1.74,0.69,0.8,-0.11,0.01,0.01,1.54,1.54,-0.0,9.19,9.33
Vietnam,1.39,1.75,-0.37,,,,,,1.31,1.72,-0.41,25.87,26.21,1.99,2.02,-0.03,2.71,2.76
Brazil,1.59,1.59,-0.0,3.72,3.72,-0.0,7.89,8.19,-0.16,-0.15,-0.02,16.34,16.31,1.65,1.65,-0.0,115.56,117.47
Cuba,1.64,2.72,-1.08,,,,,,-0.28,1.37,-1.65,0.45,0.45,3.66,4.14,-0.47,0.34,0.35
Bolivia,1.69,1.69,-0.0,1.91,1.91,-0.0,0.58,0.59,1.16,1.16,-0.0,1.32,1.34,1.89,1.89,-0.0,2.06,2.1
Mexico,1.72,2.03,-0.31,5.78,7.24,-1.46,2.7,2.86,-1.14,0.97,-2.1,0.4,0.4,1.5,1.73,-0.23,42.54,43.18
Ecuador,1.81,1.82,-0.01,0.1,0.1,0.0,0.02,0.02,1.57,1.59,-0.02,1.97,2.01,2.06,2.06,-0.0,1.67,1.71
Colombia,2.12,2.43,-0.3,3.21,3.21,0.0,0.01,0.01,1.61,2.19,-0.59,2.29,2.32,2.67,2.68,-0.0,1.67,1.72
Costa Rica,2.23,4.21,-1.98,,,,,,1.72,4.03,-2.32,0.18,0.19,5.17,5.21,-0.04,0.03,0.03
Congo,2.32,2.32,0.0,4.64,4.64,0.0,0.0,0.0,-1.43,-1.43,0.0,0.04,0.04,3.54,3.54,0.0,0.09,0.09
New Caledonia,2.45,2.45,0.0,1.32,1.32,0.0,0.0,0.0,,,,,,2.54,2.54,0.0,0.01,0.01
Greece,2.55,5.11,-2.57,4.82,4.95,-0.13,1.65,1.73,1.81,9.85,-8.05,0.31,0.31,-0.8,4.21,-5.01,1.0,0.99
Malaysia,2.66,2.9,-0.24,,,,,,2.55,2.79,-0.25,3.04,3.12,7.89,7.89,-0.0,0.05,0.06
Spain,2.75,4.0,-1.25,6.42,6.46,-0.04,9.73,10.36,-9.43,-5.21,-4.22,0.89,0.81,-4.42,-0.59,-3.83,3.48,3.32
Timor-Leste,2.76,2.76,0.0,,,,,,0.54,0.54,0.0,0.08,0.08,4.73,4.73,0.0,0.07,0.07
Brunei,3.08,3.13,-0.05,,,,,,3.08,3.13,-0.05,0.01,0.01,7.21,7.21,0.0,0.0,0.0
Guinea-Bissau,3.08,5.13,-2.04,,,,,,2.12,4.31,-2.18,0.7,0.71,9.24,10.36,-1.12,0.09,0.09
Guinea,3.19,3.89,-0.7,,,,,,3.6,4.49,-0.89,4.27,4.42,1.65,1.65,0.0,0.89,0.9
Botswana,3.6,3.6,0.0,5.65,5.65,0.0,0.0,0.0,,,,,,3.57,3.57,0.0,0.11,0.11
Taiwan,3.7,3.85,-0.15,4.97,4.97,0.0,0.01,0.01,3.82,4.0,-0.18,1.08,1.12,3.1,3.1,0.0,0.19,0.19
Panama,3.75,4.07,-0.32,,,,,,2.64,2.89,-0.25,0.53,0.55,6.11,6.58,-0.47,0.2,0.21
Italy,3.97,4.35,-0.38,6.95,6.96,-0.01,5.17,5.53,4.05,5.14,-1.09,1.15,1.19,0.05,0.74,-0.69,3.7,3.7
Gabon,4.15,4.15,0.0,,,,,,1.21,1.21,0.0,0.0,0.0,4.34,4.34,0.0,0.05,0.05
Albania,4.16,4.74,-0.58,6.16,6.17,-0.01,0.21,0.22,,,,,,3.05,3.95,-0.89,0.35,0.36
South Korea,4.36,6.32,-1.96,-8.61,-8.51,-0.1,0.03,0.03,3.65,5.8,-2.15,2.33,2.42,15.47,15.51,-0.04,0.15,0.18
New Zealand,4.47,4.47,-0.0,4.34,4.35,-0.0,0.25,0.26,,,,,,7.94,7.94,0.0,0.01,0.01
Bhutan,5.09,5.11,-0.01,28.36,28.38,-0.02,0.0,0.01,6.62,6.63,-0.01,0.22,0.24,-1.44,-1.42,-0.02,0.06,0.05
Guatemala,5.17,5.44,-0.26,18.91,18.91,0.0,0.0,0.0,-1.35,-1.35,0.0,0.07,0.07,5.25,5.52,-0.27,4.39,4.62
Tunisia,6.16,6.27,-0.11,6.16,6.27,-0.11,2.57,2.72,,,,,,,,,,
Libya,6.61,8.79,-2.18,6.72,8.91,-2.19,0.6,0.64,,,,,,-25.0,-25.0,0.0,0.0,0.0
Egypt,7.39,7.91,-0.52,10.72,11.55,-0.83,6.79,7.52,29.38,30.15,-0.77,0.98,1.27,2.48,2.72,-0.24,7.78,7.97
Morocco,7.75,8.84,-1.09,8.46,9.48,-1.02,8.76,9.51,2.47,6.28,-3.81,0.02,0.02,-36.38,-31.32,-5.06,0.13,0.08
Algeria,7.75,7.91,-0.15,7.75,7.91,-0.15,5.63,6.07,-17.69,-17.69,0.0,0.0,0.0,5.5,6.09,-0.59,0.0,0.0
Jordan,8.71,8.8,-0.09,9.17,9.26,-0.09,0.02,0.02,,,,,,-44.18,-44.18,0.0,0.0,0.0
Qatar,9.3,12.83,-3.53,-5.46,8.18,-13.64,0.0,0.0,,,,,,9.98,13.04,-3.06,0.0,0.0
Namibia,10.6,10.6,-0.0,4.47,4.47,0.0,0.0,0.0,,,,,,10.9,10.9,-0.0,0.06,0.07
Gambia,12.04,16.38,-4.34,,,,,,10.49,13.76,-3.27,0.06,0.06,13.53,18.9,-5.37,0.05,0.05
Israel,13.96,13.98,-0.02,17.97,17.99,-0.02,0.16,0.19,,,,,,-60.25,-60.25,0.0,0.01,0.0
Saudi Arabia,15.29,18.17,-2.87,15.59,18.55,-2.96,0.43,0.5,,,,,,6.83,7.28,-0.46,0.01,0.02
Montenegro,15.76,15.78,-0.01,-0.35,-0.35,0.0,0.0,0.0,,,,,,22.44,22.45,-0.02,0.01,0.01
Kosovo,19.85,19.85,0.0,-9.04,-9.04,0.0,0.0,0.0,,,,,,39.43,39.43,0.0,0.0,0.01
